external_id,source,disease,category,data_type,evidence_count,period_start,period_end,country,region,province,location,lat,lon,radius_km,url_source,notes
BENV-PARASITE-BENV-2026-LEISHMANIOSI-85709-CANE,IZS_BENV,Leishmania infantum,parasites,official_event_context,1,2026-06-21,2026-06-21,Italy,Toscana,,GAVORRANO,42.76350,11.11240,10,https://www.izs.it/BENV_NEW/datiemappe.html,"Official BENV/IZS table export; disease filter: Leishmaniosi; original BENV ID 85709; tipo focolaio: FOCOLAIO CLINICO; stato sanitario: E; provincia: GR; data sospetto: 2026-06-21; data conferma: 2026-06-21; data estinzione: 2026-06-21; stato evento: Estinto; is_active: false; sierotipo: nan; geocoding level: province; municipality centroid unavailable; coordinates set to province capital for map display.; derived from official BENV/IZS parasitic disease event; territorial context layer, not standalone prevalence estimate"
BENV-PARASITE-BENV-2026-LEISHMANIOSI-85203-CANE,IZS_BENV,Leishmania infantum,parasites,official_event_context,1,2026-06-19,2026-06-19,Italy,Toscana,,Grosseto,42.76350,11.11240,10,https://www.izs.it/BENV_NEW/datiemappe.html,"Official BENV/IZS table export; disease filter: Leishmaniosi; original BENV ID 85203; tipo focolaio: POSITIVITA' DIAGNOSTICA; stato sanitario: E; provincia: GR; data sospetto: 2026-06-19; data conferma: 2026-06-19; data estinzione: 2026-06-19; stato evento: Estinto; is_active: false; sierotipo: nan; geocoding level: municipality; coordinates approximated at municipality centroid.; derived from official BENV/IZS parasitic disease event; territorial context layer, not standalone prevalence estimate"
BENV-PARASITE-BENV-2026-LEISHMANIOSI-85169-CANE,IZS_BENV,Leishmania infantum,parasites,official_event_context,1,2026-06-16,2026-06-16,Italy,Toscana,,Grosseto,42.76350,11.11240,10,https://www.izs.it/BENV_NEW/datiemappe.html,"Official BENV/IZS table export; disease filter: Leishmaniosi; original BENV ID 85169; tipo focolaio: FOCOLAIO CLINICO; stato sanitario: E; provincia: GR; data sospetto: 2026-06-16; data conferma: 2026-06-16; data estinzione: 2026-06-16; stato evento: Estinto; is_active: false; sierotipo: nan; geocoding level: municipality; coordinates approximated at municipality centroid.; derived from official BENV/IZS parasitic disease event; territorial context layer, not standalone prevalence estimate"
BENV-PARASITE-BENV-2026-LEISHMANIOSI-85202-CANE,IZS_BENV,Leishmania infantum,parasites,official_event_context,1,2026-06-19,2026-06-19,Italy,Toscana,,Grosseto,42.76350,11.11240,10,https://www.izs.it/BENV_NEW/datiemappe.html,"Official BENV/IZS table export; disease filter: Leishmaniosi; original BENV ID 85202; tipo focolaio: POSITIVITA' DIAGNOSTICA; stato sanitario: E; provincia: GR; data sospetto: 2026-06-19; data conferma: 2026-06-19; data estinzione: 2026-06-19; stato evento: Estinto; is_active: false; sierotipo: nan; geocoding level: municipality; coordinates approximated at municipality centroid.; derived from official BENV/IZS parasitic disease event; territorial context layer, not standalone prevalence estimate"
BENV-PARASITE-BENV-2026-LEISHMANIOSI-85658-CANE,IZS_BENV,Leishmania infantum,parasites,official_event_context,1,2026-07-15,2026-07-15,Italy,Toscana,,SCANSANO,42.76350,11.11240,10,https://www.izs.it/BENV_NEW/datiemappe.html,"Official BENV/IZS table export; disease filter: Leishmaniosi; original BENV ID 85658; tipo focolaio: FOCOLAIO CLINICO; stato sanitario: E; provincia: GR; data sospetto: 2026-07-15; data conferma: 2026-07-15; data estinzione: 2026-07-16; stato evento: Estinto; is_active: false; sierotipo: nan; geocoding level: province; municipality centroid unavailable; coordinates set to province capital for map display.; derived from official BENV/IZS parasitic disease event; territorial context layer, not standalone prevalence estimate"
BENV-PARASITE-BENV-2026-LEISHMANIOSI-85171-CANE,IZS_BENV,Leishmania infantum,parasites,official_event_context,1,2026-06-16,2026-06-16,Italy,Toscana,,Campagnatico,42.88260,11.27310,10,https://www.izs.it/BENV_NEW/datiemappe.html,"Official BENV/IZS table export; disease filter: Leishmaniosi; original BENV ID 85171; tipo focolaio: FOCOLAIO CLINICO; stato sanitario: E; provincia: GR; data sospetto: 2026-06-16; data conferma: 2026-06-16; data estinzione: 2026-06-16; stato evento: Estinto; is_active: false; sierotipo: nan; geocoding level: municipality; coordinates approximated at municipality centroid.; derived from official BENV/IZS parasitic disease event; territorial context layer, not standalone prevalence estimate"
BENV-PARASITE-BENV-2026-LEISHMANIOSI-85655-CANE,IZS_BENV,Leishmania infantum,parasites,official_event_context,1,2026-07-15,2026-07-15,Italy,Toscana,,Grosseto,42.76350,11.11240,10,https://www.izs.it/BENV_NEW/datiemappe.html,"Official BENV/IZS table export; disease filter: Leishmaniosi; original BENV ID 85655; tipo focolaio: FOCOLAIO CLINICO; stato sanitario: E; provincia: GR; data sospetto: 2026-06-01; data conferma: 2026-07-15; data estinzione: 2026-07-16; stato evento: Estinto; is_active: false; sierotipo: nan; geocoding level: municipality; coordinates approximated at municipality centroid.; derived from official BENV/IZS parasitic disease event; territorial context layer, not standalone prevalence estimate"
BENV-PARASITE-BENV-2026-LEISHMANIOSI-85823-CANE,IZS_BENV,Leishmania infantum,parasites,official_event_context,1,2026-07-10,2026-07-10,Italy,Toscana,,Grosseto,42.76350,11.11240,10,https://www.izs.it/BENV_NEW/datiemappe.html,"Official BENV/IZS table export; disease filter: Leishmaniosi; original BENV ID 85823; tipo focolaio: FOCOLAIO CLINICO; stato sanitario: E; provincia: GR; data sospetto: 2026-05-29; data conferma: 2026-07-10; data estinzione: 2026-07-24; stato evento: Estinto; is_active: false; sierotipo: nan; geocoding level: municipality; coordinates approximated at municipality centroid.; derived from official BENV/IZS parasitic disease event; territorial context layer, not standalone prevalence estimate"
BENV-PARASITE-BENV-2026-LEISHMANIOSI-85824-CANE,IZS_BENV,Leishmania infantum,parasites,official_event_context,1,2026-07-22,2026-07-22,Italy,Toscana,,Grosseto,42.76350,11.11240,10,https://www.izs.it/BENV_NEW/datiemappe.html,"Official BENV/IZS table export; disease filter: Leishmaniosi; original BENV ID 85824; tipo focolaio: FOCOLAIO CLINICO; stato sanitario: E; provincia: GR; data sospetto: 2026-07-16; data conferma: 2026-07-22; data estinzione: 2026-07-24; stato evento: Estinto; is_active: false; sierotipo: nan; geocoding level: municipality; coordinates approximated at municipality centroid.; derived from official BENV/IZS parasitic disease event; territorial context layer, not standalone prevalence estimate"
BENV-PARASITE-BENV-2026-LEISHMANIOSI-85115-CANE,IZS_BENV,Leishmania infantum,parasites,official_event_context,1,2026-06-16,2026-06-16,Italy,Toscana,,Grosseto,42.76350,11.11240,10,https://www.izs.it/BENV_NEW/datiemappe.html,"Official BENV/IZS table export; disease filter: Leishmaniosi; original BENV ID 85115; tipo focolaio: FOCOLAIO CLINICO; stato sanitario: E; provincia: GR; data sospetto: 2026-06-16; data conferma: 2026-06-16; data estinzione: 2026-06-16; stato evento: Estinto; is_active: false; sierotipo: nan; geocoding level: municipality; coordinates approximated at municipality centroid.; derived from official BENV/IZS parasitic disease event; territorial context layer, not standalone prevalence estimate"
BENV-PARASITE-BENV-2026-LEISHMANIOSI-85197-CANE,IZS_BENV,Leishmania infantum,parasites,official_event_context,1,2026-06-19,2026-06-19,Italy,Toscana,,Grosseto,42.76350,11.11240,10,https://www.izs.it/BENV_NEW/datiemappe.html,"Official BENV/IZS table export; disease filter: Leishmaniosi; original BENV ID 85197; tipo focolaio: POSITIVITA' DIAGNOSTICA; stato sanitario: E; provincia: GR; data sospetto: 2026-06-19; data conferma: 2026-06-19; data estinzione: 2026-06-19; stato evento: Estinto; is_active: false; sierotipo: nan; geocoding level: municipality; coordinates approximated at municipality centroid.; derived from official BENV/IZS parasitic disease event; territorial context layer, not standalone prevalence estimate"
BENV-PARASITE-BENV-2026-LEISHMANIOSI-85713-CANE,IZS_BENV,Leishmania infantum,parasites,official_event_context,1,2026-06-21,2026-06-21,Italy,Toscana,,GAVORRANO,42.76350,11.11240,10,https://www.izs.it/BENV_NEW/datiemappe.html,"Official BENV/IZS table export; disease filter: Leishmaniosi; original BENV ID 85713; tipo focolaio: FOCOLAIO CLINICO; stato sanitario: E; provincia: GR; data sospetto: 2026-06-21; data conferma: 2026-06-21; data estinzione: 2026-06-21; stato evento: Estinto; is_active: false; sierotipo: nan; geocoding level: province; municipality centroid unavailable; coordinates set to province capital for map display.; derived from official BENV/IZS parasitic disease event; territorial context layer, not standalone prevalence estimate"
BENV-PARASITE-BENV-2026-LEISHMANIOSI-85894-CANE,IZS_BENV,Leishmania infantum,parasites,official_event_context,1,2026-07-20,2026-07-20,Italy,Toscana,,MONTE ARGENTARIO,42.76350,11.11240,10,https://www.izs.it/BENV_NEW/datiemappe.html,"Official BENV/IZS table export; disease filter: Leishmaniosi; original BENV ID 85894; tipo focolaio: FOCOLAIO CLINICO; stato sanitario: E; provincia: GR; data sospetto: 2026-07-20; data conferma: 2026-07-20; data estinzione: 2026-07-28; stato evento: Estinto; is_active: false; sierotipo: nan; geocoding level: province; municipality centroid unavailable; coordinates set to province capital for map display.; derived from official BENV/IZS parasitic disease event; territorial context layer, not standalone prevalence estimate"
BENV-PARASITE-BENV-2026-LEISHMANIOSI-85657-CANE,IZS_BENV,Leishmania infantum,parasites,official_event_context,1,2026-07-15,2026-07-15,Italy,Toscana,,Campagnatico,42.88260,11.27310,10,https://www.izs.it/BENV_NEW/datiemappe.html,"Official BENV/IZS table export; disease filter: Leishmaniosi; original BENV ID 85657; tipo focolaio: FOCOLAIO CLINICO; stato sanitario: E; provincia: GR; data sospetto: 2026-07-15; data conferma: 2026-07-15; data estinzione: 2026-07-16; stato evento: Estinto; is_active: false; sierotipo: nan; geocoding level: municipality; coordinates approximated at municipality centroid.; derived from official BENV/IZS parasitic disease event; territorial context layer, not standalone prevalence estimate"
BENV-PARASITE-BENV-2026-LEISHMANIOSI-85861-CANE,IZS_BENV,Leishmania infantum,parasites,official_event_context,1,2026-06-17,2026-06-17,Italy,Toscana,,Grosseto,42.76350,11.11240,10,https://www.izs.it/BENV_NEW/datiemappe.html,"Official BENV/IZS table export; disease filter: Leishmaniosi; original BENV ID 85861; tipo focolaio: FOCOLAIO CLINICO; stato sanitario: E; provincia: GR; data sospetto: 2026-06-17; data conferma: 2026-06-17; data estinzione: 2026-06-17; stato evento: Estinto; is_active: false; sierotipo: nan; geocoding level: municipality; coordinates approximated at municipality centroid.; derived from official BENV/IZS parasitic disease event; territorial context layer, not standalone prevalence estimate"
BENV-PARASITE-BENV-2026-LEISHMANIOSI-85485-CANE,IZS_BENV,Leishmania infantum,parasites,official_event_context,1,2026-07-03,2026-07-03,Italy,Toscana,,Grosseto,42.76350,11.11240,10,https://www.izs.it/BENV_NEW/datiemappe.html,"Official BENV/IZS table export; disease filter: Leishmaniosi; original BENV ID 85485; tipo focolaio: FOCOLAIO CLINICO; stato sanitario: E; provincia: GR; data sospetto: 2026-06-30; data conferma: 2026-07-03; data estinzione: 2026-07-07; stato evento: Estinto; is_active: false; sierotipo: nan; geocoding level: municipality; coordinates approximated at municipality centroid.; derived from official BENV/IZS parasitic disease event; territorial context layer, not standalone prevalence estimate"
BENV-PARASITE-BENV-2026-LEISHMANIOSI-84096-CANE,IZS_BENV,Leishmania infantum,parasites,official_event_context,1,2026-03-27,2026-03-27,Italy,Veneto,,Battaglia Terme,45.28950,11.78430,10,https://www.izs.it/BENV_NEW/datiemappe.html,"Official BENV/IZS table export; disease filter: Leishmaniosi; original BENV ID 84096; tipo focolaio: FOCOLAIO CLINICO; stato sanitario: C; provincia: PD; data sospetto: 2026-03-20; data conferma: 2026-03-27; data estinzione: not available; stato evento: Confermato / attivo; is_active: true; sierotipo: nan; geocoding level: municipality; coordinates approximated at municipality centroid.; derived from official BENV/IZS parasitic disease event; territorial context layer, not standalone prevalence estimate"
BENV-PARASITE-BENV-2026-LEISHMANIOSI-84882-CANE,IZS_BENV,Leishmania infantum,parasites,official_event_context,1,2026-04-17,2026-04-17,Italy,Veneto,,Malo,45.65970,11.40490,10,https://www.izs.it/BENV_NEW/datiemappe.html,"Official BENV/IZS table export; disease filter: Leishmaniosi; original BENV ID 84882; tipo focolaio: POSITIVITA' DIAGNOSTICA; stato sanitario: C; provincia: VI; data sospetto: 2026-04-15; data conferma: 2026-04-17; data estinzione: not available; stato evento: Confermato / attivo; is_active: true; sierotipo: nan; geocoding level: municipality; coordinates approximated at municipality centroid.; derived from official BENV/IZS parasitic disease event; territorial context layer, not standalone prevalence estimate"
BENV-PARASITE-BENV-2026-LEISHMANIOSI-83740-CANE,IZS_BENV,Leishmania infantum,parasites,official_event_context,1,2026-02-14,2026-02-14,Italy,Veneto,,Valdobbiadene,45.89930,11.99510,10,https://www.izs.it/BENV_NEW/datiemappe.html,"Official BENV/IZS table export; disease filter: Leishmaniosi; original BENV ID 83740; tipo focolaio: FOCOLAIO CLINICO; stato sanitario: C; provincia: TV; data sospetto: 2026-02-14; data conferma: 2026-02-14; data estinzione: not available; stato evento: Confermato / attivo; is_active: true; sierotipo: nan; geocoding level: municipality; coordinates approximated at municipality centroid.; derived from official BENV/IZS parasitic disease event; territorial context layer, not standalone prevalence estimate"
BENV-PARASITE-BENV-2026-LEISHMANIOSI-85011-CANE,IZS_BENV,Leishmania infantum,parasites,official_event_context,1,2026-05-15,2026-05-15,Italy,Lombardia,,Brescia,45.54160,10.21180,10,https://www.izs.it/BENV_NEW/datiemappe.html,"Official BENV/IZS table export; disease filter: Leishmaniosi; original BENV ID 85011; tipo focolaio: FOCOLAIO CLINICO; stato sanitario: C; provincia: BS; data sospetto: 2026-05-14; data conferma: 2026-05-15; data estinzione: not available; stato evento: Confermato / attivo; is_active: true; sierotipo: nan; geocoding level: municipality; coordinates approximated at municipality centroid.; derived from official BENV/IZS parasitic disease event; territorial context layer, not standalone prevalence estimate"
BENV-PARASITE-BENV-2026-LEISHMANIOSI-84095-CANE,IZS_BENV,Leishmania infantum,parasites,official_event_context,1,2026-03-18,2026-03-18,Italy,Veneto,,Cinto Euganeo,45.27550,11.66310,10,https://www.izs.it/BENV_NEW/datiemappe.html,"Official BENV/IZS table export; disease filter: Leishmaniosi; original BENV ID 84095; tipo focolaio: FOCOLAIO CLINICO; stato sanitario: C; provincia: PD; data sospetto: 2026-03-18; data conferma: 2026-03-18; data estinzione: not available; stato evento: Confermato / attivo; is_active: true; sierotipo: nan; geocoding level: municipality; coordinates approximated at municipality centroid.; derived from official BENV/IZS parasitic disease event; territorial context layer, not standalone prevalence estimate"
BENV-PARASITE-BENV-2026-LEISHMANIOSI-84886-CANE,IZS_BENV,Leishmania infantum,parasites,official_event_context,1,2026-05-25,2026-05-25,Italy,Veneto,,Malo,45.65970,11.40490,10,https://www.izs.it/BENV_NEW/datiemappe.html,"Official BENV/IZS table export; disease filter: Leishmaniosi; original BENV ID 84886; tipo focolaio: FOCOLAIO CLINICO; stato sanitario: C; provincia: VI; data sospetto: 2026-05-14; data conferma: 2026-05-25; data estinzione: not available; stato evento: Confermato / attivo; is_active: true; sierotipo: nan; geocoding level: municipality; coordinates approximated at municipality centroid.; derived from official BENV/IZS parasitic disease event; territorial context layer, not standalone prevalence estimate"
BENV-PARASITE-BENV-2026-LEISHMANIOSI-85013-CANE,IZS_BENV,Leishmania infantum,parasites,official_event_context,1,2026-05-29,2026-05-29,Italy,Lombardia,,Pezzaze,45.77700,10.23690,10,https://www.izs.it/BENV_NEW/datiemappe.html,"Official BENV/IZS table export; disease filter: Leishmaniosi; original BENV ID 85013; tipo focolaio: FOCOLAIO CLINICO; stato sanitario: C; provincia: BS; data sospetto: 2026-05-29; data conferma: 2026-05-29; data estinzione: not available; stato evento: Confermato / attivo; is_active: true; sierotipo: nan; geocoding level: municipality; coordinates approximated at municipality centroid.; derived from official BENV/IZS parasitic disease event; territorial context layer, not standalone prevalence estimate"
BENV-PARASITE-BENV-2026-LEISHMANIOSI-84885-CANE,IZS_BENV,Leishmania infantum,parasites,official_event_context,1,2026-05-20,2026-05-20,Italy,Veneto,,Monte di Malo,45.66150,11.36150,10,https://www.izs.it/BENV_NEW/datiemappe.html,"Official BENV/IZS table export; disease filter: Leishmaniosi; original BENV ID 84885; tipo focolaio: POSITIVITA' DIAGNOSTICA; stato sanitario: C; provincia: VI; data sospetto: 2026-04-01; data conferma: 2026-05-20; data estinzione: not available; stato evento: Confermato / attivo; is_active: true; sierotipo: nan; geocoding level: municipality; coordinates approximated at municipality centroid.; derived from official BENV/IZS parasitic disease event; territorial context layer, not standalone prevalence estimate"
