external_id,category,source,label,scientific_name,data_type,count,period_start,period_end,country,region,province,location,lat,lon,radius_km,color,url_source,notes
VECTORNET-IT-2026-AEDES-ALBOPICTUS-TORINO,vectors,VECTORNET_CURATED,Aedes albopictus,Aedes albopictus,established_distribution_area,1,2026-01-01,2026-07-29,Italy,Piemonte,Torino,Torino,45.067755,7.682489,35,#7C3AED,https://www.ecdc.europa.eu/en/disease-vectors/surveillance-and-disease-data/mosquito-maps,"Curated territorial vector layer based on documented established distribution area. Count=1 indicates presence/distribution area, not a single observation. This is contextual vector information, not a disease diagnosis or outbreak.; territorial geocoding correction v247: snapped to Torino (Torino); previous coordinates 45.0703,7.6869; match=municipality_region."
VECTORNET-IT-2026-AEDES-ALBOPICTUS-CUNEO,vectors,VECTORNET_CURATED,Aedes albopictus,Aedes albopictus,established_distribution_area,1,2026-01-01,2026-07-29,Italy,Piemonte,Cuneo,Cuneo,44.458070,7.558137,35,#7C3AED,https://www.ecdc.europa.eu/en/disease-vectors/surveillance-and-disease-data/mosquito-maps,"Curated territorial vector layer based on documented established distribution area. Count=1 indicates presence/distribution area, not a single observation. This is contextual vector information, not a disease diagnosis or outbreak.; territorial geocoding correction v247: snapped to Cuneo (Cuneo); previous coordinates 44.3845,7.5427; match=municipality_region."
VECTORNET-IT-2026-AEDES-ALBOPICTUS-MILANO,vectors,VECTORNET_CURATED,Aedes albopictus,Aedes albopictus,established_distribution_area,1,2026-01-01,2026-07-29,Italy,Lombardia,Milano,Milano,45.466800,9.190500,35,#7C3AED,https://www.ecdc.europa.eu/en/disease-vectors/surveillance-and-disease-data/mosquito-maps,"Curated territorial vector layer based on documented established distribution area. Count=1 indicates presence/distribution area, not a single observation. This is contextual vector information, not a disease diagnosis or outbreak.; territorial geocoding correction v247: snapped to Milano (Milano); previous coordinates 45.4642,9.1900; match=municipality_region."
VECTORNET-IT-2026-AEDES-ALBOPICTUS-PAVIA,vectors,VECTORNET_CURATED,Aedes albopictus,Aedes albopictus,established_distribution_area,1,2026-01-01,2026-07-29,Italy,Lombardia,Pavia,Pavia,45.036855,9.137825,35,#7C3AED,https://www.ecdc.europa.eu/en/disease-vectors/surveillance-and-disease-data/mosquito-maps,"Curated territorial vector layer based on documented established distribution area. Count=1 indicates presence/distribution area, not a single observation. This is contextual vector information, not a disease diagnosis or outbreak.; territorial geocoding correction v247: snapped to Pavia (Pavia); previous coordinates 45.1847,9.1582; match=municipality_region."
VECTORNET-IT-2026-AEDES-ALBOPICTUS-BRESCIA,vectors,VECTORNET_CURATED,Aedes albopictus,Aedes albopictus,established_distribution_area,1,2026-01-01,2026-07-29,Italy,Lombardia,Brescia,Brescia,45.779580,10.425873,35,#7C3AED,https://www.ecdc.europa.eu/en/disease-vectors/surveillance-and-disease-data/mosquito-maps,"Curated territorial vector layer based on documented established distribution area. Count=1 indicates presence/distribution area, not a single observation. This is contextual vector information, not a disease diagnosis or outbreak.; territorial geocoding correction v247: snapped to Brescia (Brescia); previous coordinates 45.5416,10.2118; match=municipality_region."
VECTORNET-IT-2026-AEDES-ALBOPICTUS-GENOVA,vectors,VECTORNET_CURATED,Aedes albopictus,Aedes albopictus,established_distribution_area,1,2026-01-01,2026-07-29,Italy,Liguria,Genova,Genova,44.407260,8.933862,35,#7C3AED,https://www.ecdc.europa.eu/en/disease-vectors/surveillance-and-disease-data/mosquito-maps,"Curated territorial vector layer based on documented established distribution area. Count=1 indicates presence/distribution area, not a single observation. This is contextual vector information, not a disease diagnosis or outbreak.; territorial geocoding correction v247: snapped to Genova (Genova); previous coordinates 44.4048,8.9444; match=municipality_region."
VECTORNET-IT-2026-AEDES-ALBOPICTUS-VERONA,vectors,VECTORNET_CURATED,Aedes albopictus,Aedes albopictus,established_distribution_area,1,2026-01-01,2026-07-29,Italy,Veneto,Verona,Verona,45.438496,10.992412,35,#7C3AED,https://www.ecdc.europa.eu/en/disease-vectors/surveillance-and-disease-data/mosquito-maps,"Curated territorial vector layer based on documented established distribution area. Count=1 indicates presence/distribution area, not a single observation. This is contextual vector information, not a disease diagnosis or outbreak.; territorial geocoding correction v247: snapped to Verona (Verona); previous coordinates 45.4384,10.9916; match=municipality_region."
VECTORNET-IT-2026-AEDES-ALBOPICTUS-PADOVA,vectors,VECTORNET_CURATED,Aedes albopictus,Aedes albopictus,established_distribution_area,1,2026-01-01,2026-07-29,Italy,Veneto,Padova,Padova,45.407717,11.873446,35,#7C3AED,https://www.ecdc.europa.eu/en/disease-vectors/surveillance-and-disease-data/mosquito-maps,"Curated territorial vector layer based on documented established distribution area. Count=1 indicates presence/distribution area, not a single observation. This is contextual vector information, not a disease diagnosis or outbreak.; territorial geocoding correction v247: snapped to Padova (Padova); previous coordinates 45.4064,11.8768; match=municipality_region."
VECTORNET-IT-2026-AEDES-ALBOPICTUS-BOLOGNA,vectors,VECTORNET_CURATED,Aedes albopictus,Aedes albopictus,established_distribution_area,1,2026-01-01,2026-07-29,Italy,Emilia-Romagna,Bologna,Bologna,44.493758,11.343031,35,#7C3AED,https://www.ecdc.europa.eu/en/disease-vectors/surveillance-and-disease-data/mosquito-maps,"Curated territorial vector layer based on documented established distribution area. Count=1 indicates presence/distribution area, not a single observation. This is contextual vector information, not a disease diagnosis or outbreak.; territorial geocoding correction v247: snapped to Bologna (Bologna); previous coordinates 44.4949,11.3426; match=municipality_region."
VECTORNET-IT-2026-AEDES-ALBOPICTUS-PARMA,vectors,VECTORNET_CURATED,Aedes albopictus,Aedes albopictus,established_distribution_area,1,2026-01-01,2026-07-29,Italy,Emilia-Romagna,Parma,Parma,44.801368,10.328083,35,#7C3AED,https://www.ecdc.europa.eu/en/disease-vectors/surveillance-and-disease-data/mosquito-maps,"Curated territorial vector layer based on documented established distribution area. Count=1 indicates presence/distribution area, not a single observation. This is contextual vector information, not a disease diagnosis or outbreak.; territorial geocoding correction v247: snapped to Parma (Parma); previous coordinates 44.8015,10.3279; match=municipality_region."
VECTORNET-IT-2026-AEDES-ALBOPICTUS-FIRENZE,vectors,VECTORNET_CURATED,Aedes albopictus,Aedes albopictus,established_distribution_area,1,2026-01-01,2026-07-29,Italy,Toscana,Firenze,Firenze,43.769871,11.255576,35,#7C3AED,https://www.ecdc.europa.eu/en/disease-vectors/surveillance-and-disease-data/mosquito-maps,"Curated territorial vector layer based on documented established distribution area. Count=1 indicates presence/distribution area, not a single observation. This is contextual vector information, not a disease diagnosis or outbreak.; territorial geocoding correction v247: snapped to Firenze (Firenze); previous coordinates 43.7696,11.2558; match=municipality_region."
VECTORNET-IT-2026-AEDES-ALBOPICTUS-GROSSETO,vectors,VECTORNET_CURATED,Aedes albopictus,Aedes albopictus,established_distribution_area,1,2026-01-01,2026-07-29,Italy,Toscana,Grosseto,Grosseto,42.775110,11.287804,35,#7C3AED,https://www.ecdc.europa.eu/en/disease-vectors/surveillance-and-disease-data/mosquito-maps,"Curated territorial vector layer based on documented established distribution area. Count=1 indicates presence/distribution area, not a single observation. This is contextual vector information, not a disease diagnosis or outbreak.; territorial geocoding correction v247: snapped to Grosseto (Grosseto); previous coordinates 42.7635,11.1124; match=municipality_region."
VECTORNET-IT-2026-AEDES-ALBOPICTUS-ROMA,vectors,VECTORNET_CURATED,Aedes albopictus,Aedes albopictus,established_distribution_area,1,2026-01-01,2026-07-29,Italy,Lazio,Roma,Roma,41.893320,12.482932,35,#7C3AED,https://www.ecdc.europa.eu/en/disease-vectors/surveillance-and-disease-data/mosquito-maps,"Curated territorial vector layer based on documented established distribution area. Count=1 indicates presence/distribution area, not a single observation. This is contextual vector information, not a disease diagnosis or outbreak.; territorial geocoding correction v247: snapped to Roma (Roma); previous coordinates 41.9028,12.4964; match=municipality_region."
VECTORNET-IT-2026-AEDES-ALBOPICTUS-NAPOLI,vectors,VECTORNET_CURATED,Aedes albopictus,Aedes albopictus,established_distribution_area,1,2026-01-01,2026-07-29,Italy,Campania,Napoli,Napoli,40.835934,14.248783,35,#7C3AED,https://www.ecdc.europa.eu/en/disease-vectors/surveillance-and-disease-data/mosquito-maps,"Curated territorial vector layer based on documented established distribution area. Count=1 indicates presence/distribution area, not a single observation. This is contextual vector information, not a disease diagnosis or outbreak.; territorial geocoding correction v247: snapped to Napoli (Napoli); previous coordinates 40.8518,14.2681; match=municipality_region."
VECTORNET-IT-2026-AEDES-ALBOPICTUS-CASERTA,vectors,VECTORNET_CURATED,Aedes albopictus,Aedes albopictus,established_distribution_area,1,2026-01-01,2026-07-29,Italy,Campania,Caserta,Caserta,41.203483,14.117058,35,#7C3AED,https://www.ecdc.europa.eu/en/disease-vectors/surveillance-and-disease-data/mosquito-maps,"Curated territorial vector layer based on documented established distribution area. Count=1 indicates presence/distribution area, not a single observation. This is contextual vector information, not a disease diagnosis or outbreak.; territorial geocoding correction v247: snapped to Caserta (Caserta); previous coordinates 41.0747,14.3324; match=municipality_region."
VECTORNET-IT-2026-AEDES-ALBOPICTUS-BARI,vectors,VECTORNET_CURATED,Aedes albopictus,Aedes albopictus,established_distribution_area,1,2026-01-01,2026-07-29,Italy,Puglia,Bari,Bari,41.125784,16.862029,35,#7C3AED,https://www.ecdc.europa.eu/en/disease-vectors/surveillance-and-disease-data/mosquito-maps,"Curated territorial vector layer based on documented established distribution area. Count=1 indicates presence/distribution area, not a single observation. This is contextual vector information, not a disease diagnosis or outbreak.; territorial geocoding correction v247: snapped to Bari (Bari); previous coordinates 41.1171,16.8719; match=municipality_region."
VECTORNET-IT-2026-AEDES-ALBOPICTUS-PALERMO,vectors,VECTORNET_CURATED,Aedes albopictus,Aedes albopictus,established_distribution_area,1,2026-01-01,2026-07-29,Italy,Sicilia,Palermo,Palermo,38.111227,13.352443,35,#7C3AED,https://www.ecdc.europa.eu/en/disease-vectors/surveillance-and-disease-data/mosquito-maps,"Curated territorial vector layer based on documented established distribution area. Count=1 indicates presence/distribution area, not a single observation. This is contextual vector information, not a disease diagnosis or outbreak.; territorial geocoding correction v247: snapped to Palermo (Palermo); previous coordinates 38.1157,13.3615; match=municipality_region."
VECTORNET-IT-2026-AEDES-ALBOPICTUS-CAGLIARI,vectors,VECTORNET_CURATED,Aedes albopictus,Aedes albopictus,established_distribution_area,1,2026-01-01,2026-07-29,Italy,Sardegna,Cagliari,Cagliari,39.216953,9.112851,35,#7C3AED,https://www.ecdc.europa.eu/en/disease-vectors/surveillance-and-disease-data/mosquito-maps,"Curated territorial vector layer based on documented established distribution area. Count=1 indicates presence/distribution area, not a single observation. This is contextual vector information, not a disease diagnosis or outbreak.; territorial geocoding correction v247: snapped to Cagliari (Cagliari); previous coordinates 39.2238,9.1217; match=municipality_region."
VECTORNET-IT-2026-AEDES-JAPONICUS-TORINO,vectors,VECTORNET_CURATED,Aedes japonicus,Aedes japonicus,established_distribution_area,1,2026-01-01,2026-07-29,Italy,Piemonte,Torino,Torino,45.067755,7.682489,35,#7C3AED,https://www.ecdc.europa.eu/en/disease-vectors/surveillance-and-disease-data/mosquito-maps,"Curated territorial vector layer based on documented established distribution area. Count=1 indicates presence/distribution area, not a single observation. This is contextual vector information, not a disease diagnosis or outbreak.; territorial geocoding correction v247: snapped to Torino (Torino); previous coordinates 45.0703,7.6869; match=municipality_region."
VECTORNET-IT-2026-AEDES-JAPONICUS-CUNEO,vectors,VECTORNET_CURATED,Aedes japonicus,Aedes japonicus,established_distribution_area,1,2026-01-01,2026-07-29,Italy,Piemonte,Cuneo,Cuneo,44.458070,7.558137,35,#7C3AED,https://www.ecdc.europa.eu/en/disease-vectors/surveillance-and-disease-data/mosquito-maps,"Curated territorial vector layer based on documented established distribution area. Count=1 indicates presence/distribution area, not a single observation. This is contextual vector information, not a disease diagnosis or outbreak.; territorial geocoding correction v247: snapped to Cuneo (Cuneo); previous coordinates 44.3845,7.5427; match=municipality_region."
VECTORNET-IT-2026-AEDES-JAPONICUS-VERONA,vectors,VECTORNET_CURATED,Aedes japonicus,Aedes japonicus,established_distribution_area,1,2026-01-01,2026-07-29,Italy,Veneto,Verona,Verona,45.438496,10.992412,35,#7C3AED,https://www.ecdc.europa.eu/en/disease-vectors/surveillance-and-disease-data/mosquito-maps,"Curated territorial vector layer based on documented established distribution area. Count=1 indicates presence/distribution area, not a single observation. This is contextual vector information, not a disease diagnosis or outbreak.; territorial geocoding correction v247: snapped to Verona (Verona); previous coordinates 45.4384,10.9916; match=municipality_region."
VECTORNET-IT-2026-AEDES-JAPONICUS-PADOVA,vectors,VECTORNET_CURATED,Aedes japonicus,Aedes japonicus,established_distribution_area,1,2026-01-01,2026-07-29,Italy,Veneto,Padova,Padova,45.407717,11.873446,35,#7C3AED,https://www.ecdc.europa.eu/en/disease-vectors/surveillance-and-disease-data/mosquito-maps,"Curated territorial vector layer based on documented established distribution area. Count=1 indicates presence/distribution area, not a single observation. This is contextual vector information, not a disease diagnosis or outbreak.; territorial geocoding correction v247: snapped to Padova (Padova); previous coordinates 45.4064,11.8768; match=municipality_region."
VECTORNET-IT-2026-AEDES-JAPONICUS-BRESCIA,vectors,VECTORNET_CURATED,Aedes japonicus,Aedes japonicus,established_distribution_area,1,2026-01-01,2026-07-29,Italy,Lombardia,Brescia,Brescia,45.779580,10.425873,35,#7C3AED,https://www.ecdc.europa.eu/en/disease-vectors/surveillance-and-disease-data/mosquito-maps,"Curated territorial vector layer based on documented established distribution area. Count=1 indicates presence/distribution area, not a single observation. This is contextual vector information, not a disease diagnosis or outbreak.; territorial geocoding correction v247: snapped to Brescia (Brescia); previous coordinates 45.5416,10.2118; match=municipality_region."
VECTORNET-IT-2026-AEDES-JAPONICUS-MILANO,vectors,VECTORNET_CURATED,Aedes japonicus,Aedes japonicus,established_distribution_area,1,2026-01-01,2026-07-29,Italy,Lombardia,Milano,Milano,45.466800,9.190500,35,#7C3AED,https://www.ecdc.europa.eu/en/disease-vectors/surveillance-and-disease-data/mosquito-maps,"Curated territorial vector layer based on documented established distribution area. Count=1 indicates presence/distribution area, not a single observation. This is contextual vector information, not a disease diagnosis or outbreak.; territorial geocoding correction v247: snapped to Milano (Milano); previous coordinates 45.4642,9.1900; match=municipality_region."
VECTORNET-IT-2026-AEDES-JAPONICUS-PAVIA,vectors,VECTORNET_CURATED,Aedes japonicus,Aedes japonicus,established_distribution_area,1,2026-01-01,2026-07-29,Italy,Lombardia,Pavia,Pavia,45.036855,9.137825,35,#7C3AED,https://www.ecdc.europa.eu/en/disease-vectors/surveillance-and-disease-data/mosquito-maps,"Curated territorial vector layer based on documented established distribution area. Count=1 indicates presence/distribution area, not a single observation. This is contextual vector information, not a disease diagnosis or outbreak.; territorial geocoding correction v247: snapped to Pavia (Pavia); previous coordinates 45.1847,9.1582; match=municipality_region."
VECTORNET-IT-2026-AEDES-KOREICUS-TORINO,vectors,VECTORNET_CURATED,Aedes koreicus,Aedes koreicus,established_distribution_area,1,2026-01-01,2026-07-29,Italy,Piemonte,Torino,Torino,45.067755,7.682489,35,#7C3AED,https://www.ecdc.europa.eu/en/disease-vectors/surveillance-and-disease-data/mosquito-maps,"Curated territorial vector layer based on documented established distribution area. Count=1 indicates presence/distribution area, not a single observation. This is contextual vector information, not a disease diagnosis or outbreak.; territorial geocoding correction v247: snapped to Torino (Torino); previous coordinates 45.0703,7.6869; match=municipality_region."
VECTORNET-IT-2026-AEDES-KOREICUS-CUNEO,vectors,VECTORNET_CURATED,Aedes koreicus,Aedes koreicus,established_distribution_area,1,2026-01-01,2026-07-29,Italy,Piemonte,Cuneo,Cuneo,44.458070,7.558137,35,#7C3AED,https://www.ecdc.europa.eu/en/disease-vectors/surveillance-and-disease-data/mosquito-maps,"Curated territorial vector layer based on documented established distribution area. Count=1 indicates presence/distribution area, not a single observation. This is contextual vector information, not a disease diagnosis or outbreak.; territorial geocoding correction v247: snapped to Cuneo (Cuneo); previous coordinates 44.3845,7.5427; match=municipality_region."
VECTORNET-IT-2026-AEDES-KOREICUS-MILANO,vectors,VECTORNET_CURATED,Aedes koreicus,Aedes koreicus,established_distribution_area,1,2026-01-01,2026-07-29,Italy,Lombardia,Milano,Milano,45.466800,9.190500,35,#7C3AED,https://www.ecdc.europa.eu/en/disease-vectors/surveillance-and-disease-data/mosquito-maps,"Curated territorial vector layer based on documented established distribution area. Count=1 indicates presence/distribution area, not a single observation. This is contextual vector information, not a disease diagnosis or outbreak.; territorial geocoding correction v247: snapped to Milano (Milano); previous coordinates 45.4642,9.1900; match=municipality_region."
VECTORNET-IT-2026-AEDES-KOREICUS-BRESCIA,vectors,VECTORNET_CURATED,Aedes koreicus,Aedes koreicus,established_distribution_area,1,2026-01-01,2026-07-29,Italy,Lombardia,Brescia,Brescia,45.779580,10.425873,35,#7C3AED,https://www.ecdc.europa.eu/en/disease-vectors/surveillance-and-disease-data/mosquito-maps,"Curated territorial vector layer based on documented established distribution area. Count=1 indicates presence/distribution area, not a single observation. This is contextual vector information, not a disease diagnosis or outbreak.; territorial geocoding correction v247: snapped to Brescia (Brescia); previous coordinates 45.5416,10.2118; match=municipality_region."
VECTORNET-IT-2026-AEDES-KOREICUS-GENOVA,vectors,VECTORNET_CURATED,Aedes koreicus,Aedes koreicus,established_distribution_area,1,2026-01-01,2026-07-29,Italy,Liguria,Genova,Genova,44.407260,8.933862,35,#7C3AED,https://www.ecdc.europa.eu/en/disease-vectors/surveillance-and-disease-data/mosquito-maps,"Curated territorial vector layer based on documented established distribution area. Count=1 indicates presence/distribution area, not a single observation. This is contextual vector information, not a disease diagnosis or outbreak.; territorial geocoding correction v247: snapped to Genova (Genova); previous coordinates 44.4048,8.9444; match=municipality_region."
VECTORNET-IT-2026-AEDES-KOREICUS-VERONA,vectors,VECTORNET_CURATED,Aedes koreicus,Aedes koreicus,established_distribution_area,1,2026-01-01,2026-07-29,Italy,Veneto,Verona,Verona,45.438496,10.992412,35,#7C3AED,https://www.ecdc.europa.eu/en/disease-vectors/surveillance-and-disease-data/mosquito-maps,"Curated territorial vector layer based on documented established distribution area. Count=1 indicates presence/distribution area, not a single observation. This is contextual vector information, not a disease diagnosis or outbreak.; territorial geocoding correction v247: snapped to Verona (Verona); previous coordinates 45.4384,10.9916; match=municipality_region."
VECTORNET-IT-2026-AEDES-KOREICUS-PADOVA,vectors,VECTORNET_CURATED,Aedes koreicus,Aedes koreicus,established_distribution_area,1,2026-01-01,2026-07-29,Italy,Veneto,Padova,Padova,45.407717,11.873446,35,#7C3AED,https://www.ecdc.europa.eu/en/disease-vectors/surveillance-and-disease-data/mosquito-maps,"Curated territorial vector layer based on documented established distribution area. Count=1 indicates presence/distribution area, not a single observation. This is contextual vector information, not a disease diagnosis or outbreak.; territorial geocoding correction v247: snapped to Padova (Padova); previous coordinates 45.4064,11.8768; match=municipality_region."
VECTORNET-IT-2026-AEDES-KOREICUS-PAVIA,vectors,VECTORNET_CURATED,Aedes koreicus,Aedes koreicus,established_distribution_area,1,2026-01-01,2026-07-29,Italy,Lombardia,Pavia,Pavia,45.036855,9.137825,35,#7C3AED,https://www.ecdc.europa.eu/en/disease-vectors/surveillance-and-disease-data/mosquito-maps,"Curated territorial vector layer based on documented established distribution area. Count=1 indicates presence/distribution area, not a single observation. This is contextual vector information, not a disease diagnosis or outbreak.; territorial geocoding correction v247: snapped to Pavia (Pavia); previous coordinates 45.1847,9.1582; match=municipality_region."
VECTORNET-IT-2026-AEDES-KOREICUS-BOLOGNA,vectors,VECTORNET_CURATED,Aedes koreicus,Aedes koreicus,established_distribution_area,1,2026-01-01,2026-07-29,Italy,Emilia-Romagna,Bologna,Bologna,44.493758,11.343031,35,#7C3AED,https://www.ecdc.europa.eu/en/disease-vectors/surveillance-and-disease-data/mosquito-maps,"Curated territorial vector layer based on documented established distribution area. Count=1 indicates presence/distribution area, not a single observation. This is contextual vector information, not a disease diagnosis or outbreak.; territorial geocoding correction v247: snapped to Bologna (Bologna); previous coordinates 44.4949,11.3426; match=municipality_region."
